ALS;FLS;Aalst;Alost;Aalst;flemish;
ALT;FLT;Aalter;Aalter;Aalter;flemish;
AKE;;Aalst Kerrebroek;Aalst Kerrebroek;Aalst Kerrebroek;flemish; 
ASH;FRST;Aarschot;Aarschot;Aarschot;flemish; 
ARS;FAR;Aarsele;Aarsele;Aarsele;flemish; 
ACR;FXA;Acren;Acren;Acren;french; 
AIS;FAO;Aiseau;Aiseau;Aiseau;french; 
ALK;FAK;Alken;Alken;Alken;flemish; 
AMA;NM;Amay;Amay;Amay;french; 
AMP;NA;Ampsin;Ampsin;Ampsin;french; 
AEE;NDN;Andenne;Andenne;Andenne;french; 
ANG;MGR;Angleur;Angleur;Angleur;french; 
ANS;ANS;Ans;Ans;Ans;french; 
ANM;MNS;Anseremme;Anseremme;Anseremme;french; 
ATG;FNT;Antoing;Antoing;Antoing;french; 
ANB;FCV;Antwerpen Berchem;Anvers Berchem;Antwerp Berchem;flemish; 
ANC;FN;Antwerpen Centraal;Anvers Central;Antwerp Central;flemish;
AND;FNDM;Antwerpen Dam;Anvers Dam;Anwerp Dam;flemish;
ANN;AND;Antwerpen Noorderdokken;Anvers Noorderdokken;Antwerp Noorderdokken;flemish;
ANE;GNS;Antwerpen Oost;Anvers Est;Antwerp East;flemish;
ANZ;FNZD;Antwerpen Zuid;Anvers Sud;Antwerp South;flemish;
AZM;FAN;Anzegem;Anzegem;Anzegem;flemish;
APP;MAP;Appelterre;Appelterre;Appelterre;flemish;
ARC;;Eerken;Archennes;Archennes;french;
ARL;LL;Aarlen;Arlon;Arlon;french; 
ASE;LAS;Asse;Asse;Asse;flemish; 
ASS;MAS;Assesse;Assesse;Assesse;flemish; 
ATH;ATH;Aat;Ath;Aat;french; 
AUV;FVL;Auvelais;Auvelais;Auvelais;french; 
AYE;AYE;Aye;Aye;Aye;french; 
AYW;MWL;Aywaille;Aywaille;Aywaille;french; 
BAA;FRA;Baasrode Zuid;Baasrode Sud;Baasrode South;flemish; 
BAD;FGED;Balegem Dorp;Balegem Village;Balegem Dorp;flemish; 
BAZ;FGE;Balegem Zuid;Balegem Sud;Balegem South;flemish; 
BAL;LNE;Balen;Balen;Balen;flemish; 
BBR;;Bambrugge;Bambrugge;Bambrugge;flemish; 
BAR;LBV;Barvaux;Barvaux;Barvaux;french; 
BVA;NBE;Bas Oha;Bas Oha;Bas Oha;french; 
BWA;GWV;Basse Wavre;Basse Wavre;Basse Wavre;french; 
BSN;;Bastenaken Noord;Bastogne Nord;Bastogne North;flemish; 
BSZ;;Bastenaken Zuid;Bastogne Sud;Bastogne South;flemish; 
BEA;MBG;Beauraing;Beauraing;Beauraing;french; 
BRN;LBM;Beernem;Beernem;Beernem;flemish; 
BRS;;Beersel;Beersel;Beersel;flemish; 
BGN;GBD;Begijnendijk;Begijnendijk;Begijnendijk;flemish; 
BEI;;Beignee;Beignee;Beignee;french; 
BLL;FEB;Bellem;Bellem;Bellem;flemish; 
BLS;LLB;Belsele;Belsele;Belsele;flemish; 
SAG;;Sint Agatha Berchem;Berchem Sainte Agathe;Sint Agatha Berchem;flemish; 
BRG;;Beringen;Beringen;Beringen;flemish; 
BRL;GBL;Berlaar;Berlaar;Berlaar;flemish; 
BTX;MBX;Bertrix;Bertrix;Bertrix;french; 
BZE;LBZ;Berzee;Berzee;Berzee;french; 
BEU;MBZ;Beuzet;Beuzet;Beuzet;french; 
BEV;FBR;Beveren;Beveren;Beveren;flemish; 
BWA;;Bierges Walibi;Bierges Walibi;Bierges Walibi;french; 
BAW;FTI;Bierset Awans;Bierset Awans;Bierset Awans;french; 
BLZ;FIE;Bilzen;Bilzen;Bilzen;flemish; 
BIN;LBH;Binche;Binche;Binche;french; 
BIS;MIM;Bissegem;Bissegem;Bissegem;flemish; 
BLK;FBK;Blankenberge;Blankenberge;Blankenberge;flemish; 
BLM;MBL;Blanmont;Blanmont;Blanmont;french; 
BLT;LLT;Blaton;Blaton;Blaton;french; 
BLR;;Bleret;Bleret;Bleret;french; 
BOC;;Bockstael;Bockstael;Bockstael;brussels; 
BOE;GBC;Boechout;Boechout;Boechout;flemish; 
BOS;MBR;Boitsfort;Bosvoorde;Bosvoorde;flemish; 
BOK;FKY;Bokrijk;Bokrijk;Bokrijk;flemish; 
BOM;MBM;Bomal;Bomal;Bomal;french; 
BSC;GB;Booischot;Booischot;Booischot;flemish; 
BOO;FMB;Boom;Boom;Boom;flemish; 
BND;;Boondaal;Boondaal;Boondaal;flemish; 
BMB;FOB;Boortmeerbeek;Boortmeerbeek;Boortmeerbeek;flemish; 
BOR;;Bordet;Bordet;Bordet;french; 
BRG;FVR;Borgworm;Waremme;Waremme;french; 
BRN;LOB;Bornem;Bornem;Bornem;flemish; 
BSS;FSB;Boussu;Boussu;Boussu;french; 
BWE;FOW;Bouwel;Bouwel;Bouwel;flemish; 
BRA;LBQ;Bracquegnies;Bracquegnies;Bracquegnies;french; 
BLC;;'s Gravenbrakel;Braine Le Comte;Braine Le Comte;french; 
BRS;FBX;Bressoux;Bressoux;Bressoux;french; 
BRG;FBG;Brugelette;Brugelette;Brugelette;flemish; 
BRU;FR;Brugge;Bruges;Brugge;flemish; 
BCO;FBCO;Brussel Congres;Bruxelles Congres;Brussels Congres;brussels; 
BKA;FBCK;Brussel Kapellekerk;Bruxelles Chapelle;Brussels Chapelle;brussels; 
BSC;FBSM;Brussel Schuman;Bruxelles Schuman;Brussels Schuman;brussels; 
BXC;FBCL;Brussel Centraal;Bruxelles Central;Brussels Central;brussels; 
BXS;FBMZ;Brussel Zuid;Bruxelles Midi;Brussels South;brussels; 
BXA;FBNL;Brussel Nationaal Luchthaven;Bruxelles National Aeroport;Brussels Airport;brussels; 
BXN;FBN;Brussel Noord;Bruxelles Nord;Brussels North;brussels; 
BLU;LX;Brussel Luxemburg;Bruxelles Luxembourg;Brussels Luxembourg;brussels; 
BUD;;Buda;Buda;Buda;flemish;
BUG;FGN;Buggenhout;Buggenhout;Buggenhout;flemish;
BUI;FGU;Buizingen;Buizingen;Buizingen;flemish;
BUR;FRU;Burst;Burst;Burst;flemish; 
CAL;FCA;Callenelle;Callenelle;Callenelle;french; 
CAM;;Cambron Casteau;Cambron Casteau;Cambron Casteau;french; 
CRL;;Carlsbourg;Carlsbourg;Carlsbourg;french; 
CRN;;Carnieres;Carnieres;Carnieres;french; 
CEM;;Ceroux Mousty;Ceroux Mousty;Ceroux Mousty;french; 
CHD;;Chapelle Dieu;Chapelle Dieu;Chapelle Dieu;french; 
CHP;;Chapois;Chapois;Chapois;french; 
CHW;;Charleroi West;Charleroi Ouest;Charleroi West;french; 
CHS;;Charleroi Zuid;Charleroi Sud;Charleroi South;french; 
CST;;Chastre;Chastre;Chastre;french; 
CDS;;Chateau De Seilles;Chateau De Seilles;Chateau De Seilles;french; 
CTE;;Chatelet;Chatelet;Chatelet;french; 
CHE;;Chenee;Chenee;Chenee;french; 
CIN;;Ciney;Ciney;Ciney;french; 
CLT;;Comblain La Tour;Comblain La Tour;Comblain La Tour;french; 
COM;;Komen;Comines;Komen;french; 
COO;;Coo;Coo;Coo;french; 
CLT;;Couillet;Couillet;Couillet;french; 
CSH;;Cour Sur Heure;Cour Sur Heure;Cour Sur Heure;french; 
COM;;Courcelles Motte;Courcelles Motte;Courcelles Motte;french; 
CRR;;Courriere;Courriere;Courriere;french; 
CSE;;Court Saint Etienne;Court Saint Etienne;Court Saint Etienne;french; 
COU;;Couvin;Couvin;Couvin;french; 
DSM;;Dave Saint Martin;Dave Saint Martin;Dave Saint Martin;french; 
HOE;;De Hoek;De Hoek;De Hoek;flemish; 
PAN;;De Panne;La Panne;De Panne;flemish; 
PIN;;De Pinte;De Pinte;De Pinte;flemish; 
DEI;;Deinze;Deinze;Deinze;flemish; 
DEL;;Delta;Delta;Delta;brussels; 
DEL;;Denderleeuw;Denderleeuw;Denderleeuw;flemish; 
DEM;;Dendermonde;Termonde;Dendermonde;flemish; 
DGM;;Diegem;Diegem;Diegem;flemish; 
DPB;;Diepenbeek;Diepenbeek;Diepenbeek;flemish; 
DST;;Diest;Diest;Diest;flemish; 
DKM;;Diksmuide;Dixmude;Diksmuide;flemish; 
DIB;;Dilbeek;Dilbeek;Dilbeek;flemish; 
DIN;;Dinant;Dinant;Dinant;french; 
DGI;;Dolhain Gileppe;Dolhain Gileppe;Dolhain Gileppe;french; 
DOO;;Doornik;Tournai;Doornik;flemish; 
DRO;;Drongen;Tronchiennes;Drongen;flemish; 
DUF;;Duffel;Duffel;Duffel;flemish; 
DUI;;Duinbergen;Duinbergen;Duinbergen;flemish; 
ECA;;Ecaussinnes;Ecaussinnes;Ecaussinnes;french; 
EDE;;Ede;Ede;Ede;flemish; 
EEK;;Eeklo;Eeklo;Eeklo;flemish; 
EIC;;Eichem;Eichem;Eichem;flemish; 
BLA;;Eigenbrakel;Braine L'alleud;Eigenbrakel;french; 
EIN;;Eine;Eine;Eine;french; 
EKN;;Eke Nazareth;Eke Nazareth;Eke Nazareth;flemish; 
EKE;;Ekeren;Ekeren;Ekeren;flemish; 
EDI;;Edingen;Enghien;Edingen;french; 
ENG;;Engis;Engis;Engis;french; 
EPP;;Eppegem;Eppegem;Eppegem;flemish; 
ERB;;Erbisoeul;Erbisoeul;Erbisoeul;french; 
ERE;;Erembodegem;Erembodegem;Erembodegem;flemish; 
ERN;;Ernage;Ernage;Ernage;french; 
ERM;;Erpe Mere;Erpe Mere;Erpe Mere;flemish; 
ERK;;Erps Kwerps;Erps Kwerps;Erps Kwerps;flemish; 
ERQ;;Erquelinnes;Erquelinnes;Erquelinnes;french; 
ERD;;Erquelinnes Dorp;Erquelinnes Village;Erquelinnes Village;french; 
ESN;;Esneux;Esneux;Esneux;french; 
ESS;;Essen;Essen;Essen;flemish; 
ESL;;Essene Lombeek;Essene Lombeek;Essene Lombeek;flemish; 
ETT;;Etterbeek;Etterbeek;Etterbeek;brussels; 
EUP;;Eupen;Eupen;Eupen;french; 
EVE;;Evere;Evere;Evere;french; 
EZE;;Ezemaal;Ezemaal;Ezemaal;flemish; 
FAM;;Familleureux;Familleureux;Familleureux;french; 
FAR;;Farciennes;Farciennes;Farciennes;french; 
FAU;;Faux;Faux;Faux;french; 
FHC;;Fexhe Le Haut Clocher;Fexhe Le Haut Clocher;Fexhe Le Haut Clocher;french; 
FLA;;Flawinne;Flawinne;Flawinne;french; 
FLG;;Flemalle Grande;Flemalle Grande;Flemalle Grande;french; 
FLH;;Flemalle Haute;Flemalle Haute;Flemalle Haute;french; 
FLE;;Fleurus;Fleurus;Fleurus;french; 
FLO;;Floree;Floree;Floree;french; 
FLF;;Floreffe;Floreffe;Floreffe;french; 
FLV;;Florenville;Florenville;Florenville;french; 
FLR;;Florival;Florival;Florival;french; 
FOV;;Fontaine Valmont;Fontaine Valmont;Fontaine Valmont;french; 
FOC;;Forchies;Forchies;Forchies;french; 
VOR;;Vorst Zuid;Forest Midi;Vorst South;french; 
FRR;;Forrieres;Forrieres;Forrieres;french; 
FRP;;Fraipont;Fraipont;Fraipont;french; 
FRM;;Frameries;Frameries;Frameries;french; 
FRC;;Franchimont;Franchimont;Franchimont;french; 
FRN;;Franiere;Franiere;Franiere;french; 
FRO;;Froyennes;Froyennes;Froyennes;french; 
GAL;;Galmaarden;Galmaarden;Galmaarden;flemish; 
GAM;;Gammerages;Gammerages;Gammerages;french; 
GAS;;Gastuche;Gastuche;Gastuche;french; 
GAV;;Gavere Asper;Gavere Asper;Gavere Asper;flemish; 
GED;;Gedinne;Gedinne;Gedinne;french; 
GEE;;Geel;Geel;Geel;flemish; 
GEM;;Gembloux;Gembloux;Gembloux;french; 
GCE;;Gendron Celles;Gendron Celles;Gendron Celles;french; 
GNK;;Genk;Genk;Genk;flemish; 
GNL;;Genly;Genly;Genly;french; 
GND;;Gent Dampoort;Gand Dampoort;Ghent Dampoort;flemish; 
GNS;;Gent Sint Pieters;Gand Saint Pierre;Ghent Sint Pieters;flemish; 
GNB;;Gentbrugge;Gentbrugge;Gentbrugge;flemish; 
GNV;;Genval;Genval;Genval;french; 
GER;;Geraardsbergen;Geraardsbergen;Geraardsbergen;flemish; 
GRA;;Grammont;Grammont;Grammont;french; 
GHL;;Ghlin;Ghlin;Ghlin;french; 
GLA;;Glaaien;Glaaien;Glaaien;flemish; 
GLO;;Glons;Glons;Glons;french; 
GOV;;Godarville;Godarville;Godarville;french; 
GON;;Godinne;Godinne;Godinne;french; 
GOT;;Gontrode;Gontrode;Gontrode;french; 
GOU;;Gouvy;Gouvy;Gouvy;french; 
GLP;;Gouy Lez Pieton;Gouy Lez Pieton;Gouy Lez Pieton;french; 
GRA;;Graide;Graide;Graide;french; 
GRO;MDL;Groenendaal;Groenendaal;Groenendaal;flemish; 
GRB;;Groot Bijgaarden;Groot Bijgaarden;Groot Bijgaarden;flemish; 
GRU;;Grupont;Grupont;Grupont;french; 
HAA;;Haacht;Haacht;Haacht;flemish; 
HLT;;Haaltert;Haaltert;Haaltert;flemish; 
HAB;;Habay;Habay;Habay;french; 
HAI;;Hainin;Hainin;Hainin;french; 
HAL;;Halle;Hal;Halle;flemish; 
HSH;;Ham Sur Heure;Ham Sur Heure;Ham Sur Heure;french; 
HSS;;Ham Sur Sambre;Ham Sur Sambre;Ham Sur Sambre;french; 
HAB;;Hambos;Hambos;Hambos;french; 
HAM;;Hamoir;Hamoir;Hamoir;french; 
HAN;;Hansbeke;Hansbeke;Hansbeke;flemish; 
HAC;;Harchies;Harchies;Harchies;french; 
HAB;;Harelbeke;Harelbeke;Harelbeke;flemish; 
HAR;;Haren;Haren;Haren;flemish; 
HAZ;;Haren Zuid;Haren Sud;Haren South;flemish; 
HAS;;Hasselt;Hasselt;Hasselt;flemish; 
HAU;;Haute Flone;Haute Flone;Haute Flone;french; 
HVS;;Haversin;Haversin;Haversin;french; 
HAV;;Havre;Havre;Havre;french; 
HED;;Heide;Heide;Heide;flemish; 
HES;;Heist;Heist;Heist;flemish; 
HOB;;Heist Op Den Berg;Heist Op Den Berg;Heist Op Den Berg;flemish; 
HEZ;;Heizijde;Heizijde;Heizijde;flemish; 
HEM;;Hemiksem;Hemiksem;Hemiksem;flemish; 
HEN;;Hennuyeres;Hennuyeres;Hennuyeres;french; 
HNT;;Herent;Herent;Herent;flemish; 
HRT;;Herentals;Herentals;Herentals;flemish; 
HRN;;Herne;Herne;Herne;flemish; 
HSX;;Herseaux;Herseaux;Herseaux;french; 
HST;;Herstal;Herstal;Herstal;flemish; 
HZE;;Herzele;Herzele;Herzele;flemish; 
HEU;;Heusden;Heusden;Heusden;flemish; 
HVR;;Hever;Hever;Hever;flemish; 
HEL;;Heverlee;Heverlee;Heverlee;flemish; 
HIL;;Hillegem;Hillegem;Hillegem;flemish; 
HOB;;Hoboken Polder;Hoboken Polder;Hoboken Polder;flemish; 
HOE;;Hoeilaart;Hoeilaart;Hoeilaart;flemish; 
HOF;;Hofstade;Hofstade;Hofstade;flemish; 
HOL;;Holleken;Holleken;Holleken;flemish; 
HON;;Hony;Hony;Hony;french; 
HOR;;Houraing;Houraing;Houraing;french; 
HOP;;Hourpes;Hourpes;Hourpes;french; 
HOU;;Houyet;Houyet;Houyet;french; 
HOV;;Hove;Hove;Hove;flemish; 
HUI;;Huizingen;Huizingen;Huizingen;flemish; 
HOE;;Hoei;Huy;Hoei;flemish; 
IDD;;Iddergem;Iddergem;Iddergem;flemish; 
IDE;;Idegem;Idegem;Idegem;flemish; 
IEP;;Ieper;Ypres;Ieper;flemish; 
ING;;Ingelmunster;Ingelmunster;Ingelmunster;flemish; 
IZE;;Izegem;Izegem;Izegem;flemish; 
JAM;;Jambes;Jambes;Jambes;french; 
JAE;;Jambes Oost;Jambes East;Jambes Est;french; 
JAX;;Jamioulx;Jamioulx;Jamioulx;french; 
JPP;;Jemappes;Jemappes;Jemappes;french; 
JLL;;Jemelle;Jemelle;Jemelle;french; 
JSM;;Jemeppe Sur Meuse;Jemeppe Sur Meuse;Jemeppe Sur Meuse;french; 
JSS;;Jemeppe Sur Sambre;Jemeppe Sur Sambre;Jemeppe Sur Sambre;french; 
JET;;Jette;Jette;Jette;brussels; 
JUR;;Jurbeke;Jurbise;Jurbeke;flemish; 
JUS;;Juslenville;Juslenville;Juslenville;french; 
KAL;;Kalmthout;Kalmthout;Kalmthout;flemish; 
KOB;;Kapelle Op Den Bos;Kapelle Op Den Bos;Kapelle Op Den Bos;flemish; 
KAP;;Kapellen;Kapellen;Kapellen;flemish; 
KES;;Kessel;Kessel;Kessel;flemish; 
KIE;;Kiewit;Kiewit;Kiewit;flemish; 
KIJ;;Kijkuit;Kijkuit;Kijkuit;flemish; 
KNO;;Knokke;Knokke;Knokke;flemish; 
KOK;;Koksijde;Coxyde;Koksijde;flemish; 
KON;;Kontich;Kontich;Kontich;flemish; 
KRM;;Kortemark;Kortemark;Kortemark;flemish; 
KRB;;Kortenberg;Kortenberg;Kortenberg;flemish; 
KRT;;Kortrijk;Courtrai;Kortrijk;flemish; 
KWA;;Kwatrecht;Kwatrecht;Kwatrecht;flemish; 
LLC;;La Louviere Centrum;La Louviere Centre;La Louviere Center;french; 
LLS;;La Louviere Zuid;La Louviere Sud;La Louviere South;french; 
LBS;;Labuissiere;Labuissiere;Labuissiere;french; 
LDG;;Landegem;Landegem;Landegem;flemish; 
LDL;;Landelies;Landelies;Landelies;flemish; 
LND;;Landen;Landen;Landen;flemish; 
LAK;;Landskouter;Landskouter;Landskouter;flemish; 
LNG;;Langdorp;Langdorp;Langdorp;flemish; 
LE ;;Le Campinaire;Le Campinaire;Le Campinaire;french; 
LEB;;Lebbeke;Lebbeke;Lebbeke;flemish; 
LED;;Lede;Lede;Lede;flemish; 
LEI;;Leignon;Leignon;Leignon;french; 
LEM;;Leman;Leman;Leman;french; 
LMB;;Lembeek;Lembeek;Lembeek;flemish; 
LEN;;Lens;Lens;Lens;flemish; 
LEO;;Leopoldsburg;Bourg Leopold;Leopoldsburg;flemish; 
LES;;Lessen;Lessines;Lessines;french; 
LEU;;Leuven;Louvain;Leuven;flemish; 
LEZ;;Leuze;Leuze;Leuze;flemish; 
LEV;;Leval;Leval;Leval;french; 
LIB;;Libramont;Libramont;Libramont;french; 
LIC;;Lichtervelde;Lichtervelde;Lichtervelde;flemish; 
LIE;;Liedekerke;Liedekerke;Liedekerke;flemish; 
LIP;;Luik Paleis;Liege Palais;Liege Palais;french;
LIG;;Luik Guillemins;Liege Guillemins;Liege Guillemins;french;
LIJ;;Luik Jonfosse;Liege Jonfosse;Liege Jonfosse;french;
LIR;;Lier;Lierre;Lier;flemish; 
LID;;Lierde;Lierde;Lierde;flemish; 
LIS;;Liers;Liers;Liers;flemish; 
LIG;;Ligny;Ligny;Ligny;french; 
LIL;;Lillois;Lillois;Lillois;french; 
LIM;;Limal;Limal;Limal;french; 
LIN;;Linkebeek;Linkebeek;Linkebeek;flemish; 
LIS;;Lissewege;Lissewege;Lissewege;flemish; 
LOB;;Lobbes;Lobbes;Lobbes;flemish; 
LOD;;Lodelinsart;Lodelinsart;Lodelinsart;flemish; 
LOK;;Lokeren;Lokeren;Lokeren;flemish; 
LMM;;Lommel;Lommel;Lommel;flemish; 
LDZ;;Londerzeel;Londerzeel;Londerzeel;flemish; 
LNZ;;Lonzee;Lonzee;Lonzee;flemish; 
LOT;;Lot;Lot;Lot;flemish; 
LUS;;Lustin;Lustin;Lustin;french; 
MAF;;Maffle;Maffle;Maffle;french; 
MAL;;Malderen;Malderen;Malderen;flemish; 
MAN;;Manage;Manage;Manage;french; 
MBH;;Marbehan;Marbehan;Marbehan;french; 
MEF;;Marche En Famenne;Marche En Famenne;Marche En Famenne;french; 
MLD;;Marche Les Dames;Marche Les Dames;Marche Les Dames;french; 
MLE;;Marche Lez Ecaussinnes;Marche Lez Ecaussinnes;Marche Lez Ecaussinnes;french; 
MAP;;Marchienne Au Pont;Marchienne Au Pont;Marchienne Au Pont;french; 
MZO;;Marchienne Zone;Marchienne Zone;Marchienne Zone;french; 
MAA;;Maria Aalter;Maria Aalter;Maria Aalter;flemish; 
MBO;;Mariembourg;Mariembourg;Mariembourg;french; 
MAR;;Marloie;Marloie;Marloie;french; 
MAS;;Masnuy Saint Pierre;Masnuy Saint Pierre;Masnuy Saint Pierre;french; 
MAU;;Maubray;Maubray;Maubray;french; 
MAZ;;Mazy;Mazy;Mazy;french; 
MEC;;Mechelen;Malines;Mechelen;flemish; 
MEN;;Mechelen Nekkerspoel;Malines Nekkerspoel;Mechelen Nekkerspoel;flemish; 
MEI;;Meiser;Meiser;Meiser;brussels; 
MLK;;Melkouwen;Melkouwen;Melkouwen;flemish; 
MEL;;Melle;Melle;Melle;flemish; 
MHO;;Melreux Hotton;Melreux Hotton;Melreux Hotton;french; 
MLS;;Melsele;Melsele;Melsele;flemish; 
MEN;;Menen;Menen;Menen;flemish; 
MIN;;Menin;Menin;Menin;french; 
MRC;;Merchtem;Merchtem;Merchtem;flemish; 
MBK;;Merelbeke;Merelbeke;Merelbeke;flemish; 
MRO;;Merode;Merode;Merode;flemish; 
MRY;;Mery;Mery;Mery;french; 
MEA;;Mevergnies Attre;Mevergnies Attre;Mevergnies Attre;french; 
MIL;;Milmort;Milmort;Milmort;french; 
MOE;;Moensberg;Moensberg;Moensberg;flemish; 
MOL;;Mol;Mol;Mol;flemish; 
MLL;;Mollem;Mollem;Mollem;flemish; 
MOM;;Momalle;Momalle;Momalle;french; 
BER;;Bergen;Mons;Mons;french; 
MON;;Mont Saint Guibert;Mont Saint Guibert;Mont Saint Guibert;french; 
MOO;;Moortsele;Moortsele;Moortsele;flemish; 
MOR;;Morlanwelz;Morlanwelz;Morlanwelz;french; 
MRT;;Mortsel;Mortsel;Mortsel;flemish; 
MRD;;Mortsel Deurnesteenweg;Mortsel Deurnesteenweg;Mortsel Deurnesteenweg;flemish; 
MOG;;Mortsel Oude God;Mortsel Oude God;Mortsel Oude God;flemish; 
MOE;;Moeskroen;Mouscron;Mouscron;french; 
MOU;;Moustier;Moustier;Moustier;french; 
MUI;;Muizen;Muizen;Muizen;flemish; 
MUN;;Munkzwalm;Munkzwalm;Munkzwalm;flemish; 
NCH;;Nameche;Nameche;Nameche;french; 
NAM;;Namen;Namur;Namur;french; 
NNN;;Naninne;Naninne;Naninne;french; 
NAT;;Natoye;Natoye;Natoye;french; 
NEP;;Neerpelt;Neerpelt;Neerpelt;flemish; 
NEW;;Neerwinden;Neerwinden;Neerwinden;flemish; 
NES;;Nessonvaux;Nessonvaux;Nessonvaux;french; 
NEF;;Neufchateau;Neufchateau;Neufchateau;french; 
NEV;;Neufvilles;Neufvilles;Neufvilles;french; 
NIE;;Niel;Niel;Niel;flemish; 
NWA;;Nieuwkerken Waas;Nieuwkerken Waas;Nieuwkerken Waas;flemish; 
NIL;;Nijlen;Nijlen;Nijlen;flemish; 
NIM;;Nimy;Nimy;Nimy;french; 
NIN;;Ninove;Ninove;Ninove;flemish; 
NIV;;Nijvel;Nivelles;Nivelles;french; 
NOS;;Nossegem;Nossegem;Nossegem;flemish; 
OBA;;Obaix Buzet;Obaix Buzet;Obaix Buzet;french; 
OBO;;Obourg;Obourg;Obourg;french; 
OKE;;Okegem;Okegem;Okegem;flemish; 
OLE;;Olen;Olen;Olen;flemish; 
OST;;Oostende;Ostende;Ostend;flemish; 
OKA;;Oostkamp;Oostkamp;Oostkamp;flemish; 
OPW;;Opwijk;Opwijk;Opwijk;flemish; 
OTT;;Ottignies;Ottignies;Ottignies;french; 
OHE;;Oud Heverlee;Oud Heverlee;Oud Heverlee;flemish; 
ODG;;Oudegem;Oudegem;Oudegem;flemish; 
ODN;;Oudenaarde;Audenarde;Oudenaarde;flemish; 
OVE;;Overpelt;Overpelt;Overpelt;flemish; 
PAL;;Paliseul;Paliseul;Paliseul;french; 
PAM;;Papegem;Papegem;Papegem;flemish; 
PAS;;Papignies;Papignies;Papignies;french; 
PEC;;Pecrot;Pecrot;Pecrot;french; 
PEP;;Pepinster;Pepinster;Pepinster;french; 
PEC;;Pepinster Cite;Pepinster Cite;Pepinster Cite;french; 
PER;;Peruwelz;Peruwelz;Peruwelz;french; 
PHI;;Philippeville;Philippeville;Philippeville;french; 
PIE;;Pieton;Pieton;Pieton;french; 
POI;;Poix Saint Hubert;Poix Saint Hubert;Poix Saint Hubert;french; 
PAC;;Pont A Celles;Pont A Celles;Pont A Celles;french; 
PDS;;Pont De Seraing;Pont De Seraing;Pont De Seraing;french; 
POP;;Poperinge;Poperinge;Poperinge;french; 
POU;;Poulseur;Poulseur;Poulseur;french; 
PRO;;Profondsart;Profondsart;Profondsart;french; 
PRY;;Pry;Pry;Pry;french; 
PUU;;Puurs;Puurs;Puurs;flemish; 
QUA;;Quaregnon;Quaregnon;Quaregnon;french; 
QUE;;Quevy;Quevy;Quevy;french; 
QUI;;Quievrain;Quievrain;Quievrain;french; 
REB;;Rebaix;Rebaix;Rebaix;french; 
REM;;Remicourt;Remicourt;Remicourt;french; 
RHI;;Rhisnes;Rhisnes;Rhisnes;french; 
RIV;;Rivage;Rivage;Rivage;french; 
RIX;;Rixensart;Rixensart;Rixensart;french; 
ROE;;Roeselare;Roeselare;Roeselare;flemish; 
ROL;;Roulers;Roulers;Roulers;french; 
ROT;;Ronet;Ronet;Ronet;french; 
REN;;Renaix;Renaix;Renaix;french; 
RON;;Ronse;Ronse;Ronse;flemish; 
ROX;;Roux;Roux;Roux;french; 
RUI;;Ruisbroek;Ruisbroek;Ruisbroek;flemish; 
SDB;;Saint Denis Bovesse;Saint Denis Bovesse;Saint Denis Bovesse;french; 
SGH;;Saint Ghislain;Saint Ghislain;Saint Ghislain;french; 
SIN;;Sint Job;Saint Job;Sint Job;flemish; 
SAR;;Sart Bernard;Sart Bernard;Sart Bernard;french; 
SBE;;Schaarbeek;Schaerbeek;Schaarbeek;brussels; 
SCW;;Scheldewindeke;Scheldewindeke;Scheldewindeke;flemish; 
SCB;;Schellebelle;Schellebelle;Schellebelle;flemish; 
SCD;;Schendelbeke;Schendelbeke;Schendelbeke;flemish; 
SCN;;Schoonaarde;Schoonaarde;Schoonaarde;flemish; 
SCH;;Schulen;Schulen;Schulen;flemish; 
SCG;;Sclaigneaux;Sclaigneaux;Sclaigneaux;french; 
SCS;;Sclessin;Sclessin;Sclessin;french; 
SER;;Serskamp;Serskamp;Serskamp;flemish; 
OPZ;;Opzullik;Silly;Opzullik;flemish; 
SDB;;Sint Denijs Boekel;Sint Denijs Boekel;Sint Denijs Boekel;flemish; 
SGR;;Sint Genesius Rode;Rhode Saint Genese;Sint Genesius Rode;flemish; 
SGI;;Sint Gillis;Saint Gilles;Sint Gillis;brussels; 
SJW;;Sint Joris Weert;Sint Joris Weert;Sint Joris Weert;flemish; 
SKW;;Sint Katelijne Waver;Sint Katelijne Waver;Sint Katelijne Waver;flemish; 
SMA;;Sint Mariaburg;Sint Mariaburg;Sint Mariaburg;flemish; 
SMB;;Sint Martens Bodegem;Sint Martens Bodegem;Sint Martens Bodegem;flemish; 
SNI;;Sint Niklaas;Saint Nicolas;Sint Niklaas;flemish; 
STR;;Sint Truiden;Saint Trond;Sint Truiden;flemish; 
SLE;;Sleidinge;Sleidinge;Sleidinge;flemish; 
ZIN;;Zinnik;Soignies;Soignies;french; 
SSS;;Solre Sur Sambre;Solre Sur Sambre;Solre Sur Sambre;french; 
SPA;;Spa;Spa;Spa;french; 
STA;;Statte;Statte;Statte;french; 
STO;;Stockem;Stockem;Stockem;french; 
SY;;Sy;Sy;Sy;french; 
TAM;;Tamines;Tamines;Tamines;french; 
TEM;;Temse;Tamise;Tamise;french; 
THA;;Terhagen;Terhagen;Terhagen;flemish; 
THU;;Terhulpen;La Hulpe;La Hulpe;flemish; 
TNA;;Ternat;Ternat;Ternat;flemish; 
TES;;Testelt;Testelt;Testelt;flemish; 
THE;;Theux;Theux;Theux;french; 
THI;;Thieu;Thieu;Thieu;french; 
THN;;Thuin;Thuin;Thuin;french; 
THL;;Thulin;Thulin;Thulin;french; 
TIE;;Tielen;Tielen;Tielen;flemish; 
TLT;;Tielt;Tielt;Tielt;flemish; 
TNN;;Tienen;Tirlemont;Tienen;flemish; 
TLF;;Tilff;Tilff;Tilff;flemish; 
TLL;;Tilly;Tilly;Tilly;french; 
TOL;;Tollembeek;Tollembeek;Tollembeek;flemish; 
TON;;Tongeren;Tongres;Tongeren;flemish; 
TOR;;Torhout;Torhout;Torhout;flemish; 
TRP;;Trois Ponts;Trois Ponts;Trois Ponts;french; 
TRO;;Trooz;Trooz;Trooz;french; 
TUB;;Tubeke;Tubize;Tubeke;flemish; 
TUR;;Turnhout;Turnhout;Turnhout;flemish; 
UVO;;Ukkel Kalevoet;Uccle Calevoet;Ukkel Kalevoet;flemish; 
UST;;Ukkel Stalle;Uccle Stalle;Ukkel Stalle;flemish; 
VEL;;Veltem;Veltem;Veltem;flemish; 
VET;;Vertrijk;Vertrijk;Vertrijk;flemish; 
VEC;;Verviers Centraal;Verviers Central;Verviers Central;french; 
VEP;;Verviers Paleis;Verviers Palais;Verviers Palais;french; 
VEU;;Veurne;Furnes;Veurne;flemish; 
VIA;;Viane Moerbeke;Viane Moerbeke;Viane Moerbeke;flemish; 
VIC;;Vichte;Vichte;Vichte;flemish; 
VIE;;Vielsalm;Vielsalm;Vielsalm;french; 
VIJ;;Vijfhuizen;Vijfhuizen;Vijfhuizen;flemish; 
VIP;;Ville Pommeroeul;Ville Pommeroeul;Ville Pommeroeul;french; 
VLV;;Villers La Ville;Villers La Ville;Villers La Ville;french; 
VIL;;Vilvoorde;Vilvorde;Vilvoorde;flemish; 
VIR;;Virton;Virton;Virton;french; 
VIS;;Vise;Vise;Vise;french; 
WEZ;;Wezet;Wezet;Wezet;french; 
VIV;;Viville;Viville;Viville;french; 
VOR;;Vorst Oost;Forest Est;Vorst East;brussels; 
WAA;;Waarschoot;Waarschoot;Waarschoot;flemish; 
WAL;;Walcourt;Walcourt;Walcourt;french; 
WAR;;Waregem;Waregem;Waregem;flemish; 
WAT;;Waterloo;Waterloo;Waterloo;french; 
WTM;;Watermaal;Watermael;Watermaal;flemish; 
WAV;;Waver;Wavre;Wavre;french; 
WEE;;Weerde;Weerde;Weerde;flemish; 
WLK;;Welkenraedt;Welkenraedt;Welkenraedt;flemish; 
WLL;;Welle;Welle;Welle;flemish; 
WER;;Wervik;Wervik;Wervik;flemish; 
WES;;Wespelaar Tildonk;Wespelaar Tildonk;Wespelaar Tildonk;flemish; 
WET;;Wetteren;Wetteren;Wetteren;flemish; 
WEV;;Wevelgem;Wevelgem;Wevelgem;flemish; 
WEZ;;Wezemaal;Wezemaal;Wezemaal;flemish; 
WIC;;Wichelen;Wichelen;Wichelen;flemish; 
WIJ;;Wijgmaal;Wijgmaal;Wijgmaal;flemish; 
WIL;;Wildert;Wildert;Wildert;flemish; 
WLL;;Willebroek;Willebroek;Willebroek;flemish; 
WON;;Wondelgem;Wondelgem;Wondelgem;flemish; 
YVE;;Yves Gomezee;Yves Gomezee;Yves Gomezee;flemish; 
YVO;;Yvoir;Yvoir;Yvoir;french; 
ZAN;;Zandbergen;Zandbergen;Zandbergen;flemish; 
ZAV;;Zaventem;Zaventem;Zaventem;flemish; 
ZED;;Zedelgem;Zedelgem;Zedelgem;flemish; 
ZBD;;Zeebrugge Dorp;Zeebrugge Dorp;Zeebrugge Dorp;flemish; 
ZBS;;Zeebrugge Strand;Zeebrugge Strand;Zeebrugge Strand;flemish; 
ZEL;;Zele;Zele;Zele;flemish; 
ZLL;;Zellik;Zellik;Zellik;flemish; 
ZIC;;Zichem;Zichem;Zichem;flemish; 
ZIN;;Zingem;Zingem;Zingem;flemish; 
ZOT;;Zottegem;Zottegem;Zottegem;flemish; 
ZWA;;Zwankendamme;Zwankendamme;Zwankendamme;flemish; 
ZWI;;Zwijndrecht;Zwijndrecht;Zwijndrecht;flemish; 
